file,line,type,commit,author,date,time,timezone,datetime,depth,length
style.css,1,css,3bdbecd1,shriyakonda,2026-04-04,23:42:17,-07:00,2026-04-04T23:42:17-07:00,0,4
style.css,2,css,3bdbecd1,shriyakonda,2026-04-04,23:42:17,-07:00,2026-04-04T23:42:17-07:00,2,23
style.css,3,css,872fe386,shriyakonda,2026-04-11,22:45:19,-07:00,2026-04-11T22:45:19-07:00,2,15
style.css,4,css,872fe386,shriyakonda,2026-04-11,22:45:19,-07:00,2026-04-11T22:45:19-07:00,2,44
style.css,5,css,57bb12f1,shriyakonda,2026-04-06,22:32:00,-07:00,2026-04-06T22:32:00-07:00,0,0
style.css,6,css,57bb12f1,shriyakonda,2026-04-06,22:32:00,-07:00,2026-04-06T22:32:00-07:00,0,0
style.css,7,css,57bb12f1,shriyakonda,2026-04-06,22:32:00,-07:00,2026-04-06T22:32:00-07:00,0,3
style.css,8,css,4d507eed,shriyakonda,2026-04-06,22:44:48,-07:00,2026-04-06T22:44:48-07:00,2,11
style.css,9,css,872fe386,shriyakonda,2026-04-11,22:45:19,-07:00,2026-04-11T22:45:19-07:00,0,0
style.css,10,css,872fe386,shriyakonda,2026-04-11,22:45:19,-07:00,2026-04-11T22:45:19-07:00,0,0
style.css,11,css,872fe386,shriyakonda,2026-04-11,22:45:19,-07:00,2026-04-11T22:45:19-07:00,0,16
style.css,12,css,872fe386,shriyakonda,2026-04-11,22:45:19,-07:00,2026-04-11T22:45:19-07:00,0,5
style.css,13,css,872fe386,shriyakonda,2026-04-11,22:45:19,-07:00,2026-04-11T22:45:19-07:00,1,34
style.css,14,css,6f139c1d,shriyakonda,2026-04-18,23:12:59,-07:00,2026-04-18T23:12:59-07:00,1,23
style.css,15,css,872fe386,shriyakonda,2026-04-11,22:45:19,-07:00,2026-04-11T22:45:19-07:00,0,0
style.css,16,css,872fe386,shriyakonda,2026-04-11,22:45:19,-07:00,2026-04-11T22:45:19-07:00,0,0
style.css,17,css,872fe386,shriyakonda,2026-04-11,22:45:19,-07:00,2026-04-11T22:45:19-07:00,0,11
style.css,18,css,872fe386,shriyakonda,2026-04-11,22:45:19,-07:00,2026-04-11T22:45:19-07:00,0,3
style.css,19,css,6f139c1d,shriyakonda,2026-04-18,23:12:59,-07:00,2026-04-18T23:12:59-07:00,1,39
style.css,20,css,872fe386,shriyakonda,2026-04-11,22:45:19,-07:00,2026-04-11T22:45:19-07:00,1,12
style.css,21,css,6f139c1d,shriyakonda,2026-04-18,23:12:59,-07:00,2026-04-18T23:12:59-07:00,1,43
style.css,22,css,872fe386,shriyakonda,2026-04-11,22:45:19,-07:00,2026-04-11T22:45:19-07:00,1,17
style.css,23,css,872fe386,shriyakonda,2026-04-11,22:45:19,-07:00,2026-04-11T22:45:19-07:00,0,0
style.css,24,css,872fe386,shriyakonda,2026-04-11,22:45:19,-07:00,2026-04-11T22:45:19-07:00,0,0
style.css,25,css,872fe386,shriyakonda,2026-04-11,22:45:19,-07:00,2026-04-11T22:45:19-07:00,0,5
style.css,26,css,872fe386,shriyakonda,2026-04-11,22:45:19,-07:00,2026-04-11T22:45:19-07:00,1,6
style.css,27,css,872fe386,shriyakonda,2026-04-11,22:45:19,-07:00,2026-04-11T22:45:19-07:00,1,20
style.css,28,css,872fe386,shriyakonda,2026-04-11,22:45:19,-07:00,2026-04-11T22:45:19-07:00,1,13
style.css,29,css,872fe386,shriyakonda,2026-04-11,22:45:19,-07:00,2026-04-11T22:45:19-07:00,1,17
style.css,30,css,872fe386,shriyakonda,2026-04-11,22:45:19,-07:00,2026-04-11T22:45:19-07:00,1,13
style.css,31,css,872fe386,shriyakonda,2026-04-11,22:45:19,-07:00,2026-04-11T22:45:19-07:00,0,0
style.css,32,css,872fe386,shriyakonda,2026-04-11,22:45:19,-07:00,2026-04-11T22:45:19-07:00,0,0
style.css,33,css,872fe386,shriyakonda,2026-04-11,22:45:19,-07:00,2026-04-11T22:45:19-07:00,0,11
style.css,34,css,6f139c1d,shriyakonda,2026-04-18,23:12:59,-07:00,2026-04-18T23:12:59-07:00,1,69
style.css,35,css,872fe386,shriyakonda,2026-04-11,22:45:19,-07:00,2026-04-11T22:45:19-07:00,1,25
style.css,36,css,872fe386,shriyakonda,2026-04-11,22:45:19,-07:00,2026-04-11T22:45:19-07:00,0,0
style.css,37,css,872fe386,shriyakonda,2026-04-11,22:45:19,-07:00,2026-04-11T22:45:19-07:00,0,0
style.css,38,css,872fe386,shriyakonda,2026-04-11,22:45:19,-07:00,2026-04-11T22:45:19-07:00,0,13
style.css,39,css,872fe386,shriyakonda,2026-04-11,22:45:19,-07:00,2026-04-11T22:45:19-07:00,1,16
style.css,40,css,6f139c1d,shriyakonda,2026-04-18,23:12:59,-07:00,2026-04-18T23:12:59-07:00,1,43
style.css,41,css,872fe386,shriyakonda,2026-04-11,22:45:19,-07:00,2026-04-11T22:45:19-07:00,0,0
style.css,42,css,872fe386,shriyakonda,2026-04-11,22:45:19,-07:00,2026-04-11T22:45:19-07:00,0,0
style.css,43,css,872fe386,shriyakonda,2026-04-11,22:45:19,-07:00,2026-04-11T22:45:19-07:00,0,16
style.css,44,css,6f139c1d,shriyakonda,2026-04-18,23:12:59,-07:00,2026-04-18T23:12:59-07:00,0,48
style.css,45,css,347d148d,shriyakonda,2026-04-11,23:56:04,-07:00,2026-04-11T23:56:04-07:00,0,0
style.css,46,css,347d148d,shriyakonda,2026-04-11,23:56:04,-07:00,2026-04-11T23:56:04-07:00,0,4
style.css,47,css,347d148d,shriyakonda,2026-04-11,23:56:04,-07:00,2026-04-11T23:56:04-07:00,1,12
style.css,48,css,347d148d,shriyakonda,2026-04-11,23:56:04,-07:00,2026-04-11T23:56:04-07:00,1,30
style.css,49,css,347d148d,shriyakonda,2026-04-11,23:56:04,-07:00,2026-04-11T23:56:04-07:00,1,7
style.css,50,css,347d148d,shriyakonda,2026-04-11,23:56:04,-07:00,2026-04-11T23:56:04-07:00,1,14
style.css,51,css,347d148d,shriyakonda,2026-04-11,23:56:04,-07:00,2026-04-11T23:56:04-07:00,0,0
style.css,52,css,347d148d,shriyakonda,2026-04-11,23:56:04,-07:00,2026-04-11T23:56:04-07:00,0,0
style.css,53,css,347d148d,shriyakonda,2026-04-11,23:56:04,-07:00,2026-04-11T23:56:04-07:00,0,5
style.css,54,css,347d148d,shriyakonda,2026-04-11,23:56:04,-07:00,2026-04-11T23:56:04-07:00,1,12
style.css,55,css,347d148d,shriyakonda,2026-04-11,23:56:04,-07:00,2026-04-11T23:56:04-07:00,1,18
style.css,56,css,347d148d,shriyakonda,2026-04-11,23:56:04,-07:00,2026-04-11T23:56:04-07:00,1,29
style.css,57,css,347d148d,shriyakonda,2026-04-11,23:56:04,-07:00,2026-04-11T23:56:04-07:00,0,0
style.css,58,css,347d148d,shriyakonda,2026-04-11,23:56:04,-07:00,2026-04-11T23:56:04-07:00,0,0
style.css,59,css,347d148d,shriyakonda,2026-04-11,23:56:04,-07:00,2026-04-11T23:56:04-07:00,0,17
style.css,60,css,347d148d,shriyakonda,2026-04-11,23:56:04,-07:00,2026-04-11T23:56:04-07:00,0,9
style.css,61,css,347d148d,shriyakonda,2026-04-11,23:56:04,-07:00,2026-04-11T23:56:04-07:00,1,12
style.css,62,css,347d148d,shriyakonda,2026-04-11,23:56:04,-07:00,2026-04-11T23:56:04-07:00,1,58
style.css,63,css,347d148d,shriyakonda,2026-04-11,23:56:04,-07:00,2026-04-11T23:56:04-07:00,1,7
style.css,64,css,347d148d,shriyakonda,2026-04-11,23:56:04,-07:00,2026-04-11T23:56:04-07:00,0,0
style.css,65,css,347d148d,shriyakonda,2026-04-11,23:56:04,-07:00,2026-04-11T23:56:04-07:00,0,0
style.css,66,css,347d148d,shriyakonda,2026-04-11,23:56:04,-07:00,2026-04-11T23:56:04-07:00,0,17
style.css,67,css,347d148d,shriyakonda,2026-04-11,23:56:04,-07:00,2026-04-11T23:56:04-07:00,1,12
style.css,68,css,347d148d,shriyakonda,2026-04-11,23:56:04,-07:00,2026-04-11T23:56:04-07:00,1,15
style.css,69,css,347d148d,shriyakonda,2026-04-11,23:56:04,-07:00,2026-04-11T23:56:04-07:00,1,26
style.css,70,css,347d148d,shriyakonda,2026-04-11,23:56:04,-07:00,2026-04-11T23:56:04-07:00,0,0
style.css,71,css,347d148d,shriyakonda,2026-04-11,23:56:04,-07:00,2026-04-11T23:56:04-07:00,0,0
style.css,72,css,7a877b2c,shriyakonda,2026-04-11,23:56:44,-07:00,2026-04-11T23:56:44-07:00,0,36
style.css,73,css,7a877b2c,shriyakonda,2026-04-11,23:56:44,-07:00,2026-04-11T23:56:44-07:00,0,0
style.css,74,css,7a877b2c,shriyakonda,2026-04-11,23:56:44,-07:00,2026-04-11T23:56:44-07:00,0,21
style.css,75,css,7a877b2c,shriyakonda,2026-04-11,23:56:44,-07:00,2026-04-11T23:56:44-07:00,1,18
style.css,76,css,7a877b2c,shriyakonda,2026-04-11,23:56:44,-07:00,2026-04-11T23:56:44-07:00,1,10
style.css,77,css,6f139c1d,shriyakonda,2026-04-18,23:12:59,-07:00,2026-04-18T23:12:59-07:00,0,0
style.css,78,css,6f139c1d,shriyakonda,2026-04-18,23:12:59,-07:00,2026-04-18T23:12:59-07:00,0,0
style.css,79,css,6f139c1d,shriyakonda,2026-04-18,23:12:59,-07:00,2026-04-18T23:12:59-07:00,0,22
style.css,80,css,6f139c1d,shriyakonda,2026-04-18,23:12:59,-07:00,2026-04-18T23:12:59-07:00,0,13
style.css,81,css,6f139c1d,shriyakonda,2026-04-18,23:12:59,-07:00,2026-04-18T23:12:59-07:00,1,17
style.css,82,css,6f139c1d,shriyakonda,2026-04-18,23:12:59,-07:00,2026-04-18T23:12:59-07:00,1,8
style.css,83,css,6f139c1d,shriyakonda,2026-04-18,23:12:59,-07:00,2026-04-18T23:12:59-07:00,1,10
style.css,84,css,6f139c1d,shriyakonda,2026-04-18,23:12:59,-07:00,2026-04-18T23:12:59-07:00,1,13
style.css,85,css,6f139c1d,shriyakonda,2026-04-18,23:12:59,-07:00,2026-04-18T23:12:59-07:00,1,19
style.css,86,css,c04637c1,shriyakonda,2026-05-01,23:26:58,-07:00,2026-05-01T23:26:58-07:00,0,0
style.css,87,css,c04637c1,shriyakonda,2026-05-01,23:26:58,-07:00,2026-05-01T23:26:58-07:00,0,0
style.css,88,css,c04637c1,shriyakonda,2026-05-01,23:26:58,-07:00,2026-05-01T23:26:58-07:00,0,13
style.css,89,css,c04637c1,shriyakonda,2026-05-01,23:26:58,-07:00,2026-05-01T23:26:58-07:00,1,10
style.css,90,css,c04637c1,shriyakonda,2026-05-01,23:26:58,-07:00,2026-05-01T23:26:58-07:00,1,30
style.css,91,css,c04637c1,shriyakonda,2026-05-01,23:26:58,-07:00,2026-05-01T23:26:58-07:00,1,34
style.css,92,css,c04637c1,shriyakonda,2026-05-01,23:26:58,-07:00,2026-05-01T23:26:58-07:00,0,0
style.css,93,css,c04637c1,shriyakonda,2026-05-01,23:26:58,-07:00,2026-05-01T23:26:58-07:00,0,0
style.css,94,css,c04637c1,shriyakonda,2026-05-01,23:26:58,-07:00,2026-05-01T23:26:58-07:00,0,18
style.css,95,css,c04637c1,shriyakonda,2026-05-01,23:26:58,-07:00,2026-05-01T23:26:58-07:00,1,14
style.css,96,css,c04637c1,shriyakonda,2026-05-01,23:26:58,-07:00,2026-05-01T23:26:58-07:00,1,16
style.css,97,css,c04637c1,shriyakonda,2026-05-01,23:26:58,-07:00,2026-05-01T23:26:58-07:00,1,16
style.css,98,css,c04637c1,shriyakonda,2026-05-01,23:26:58,-07:00,2026-05-01T23:26:58-07:00,0,0
style.css,99,css,c04637c1,shriyakonda,2026-05-01,23:26:58,-07:00,2026-05-01T23:26:58-07:00,0,0
style.css,100,css,c04637c1,shriyakonda,2026-05-01,23:26:58,-07:00,2026-05-01T23:26:58-07:00,0,10
style.css,101,css,c04637c1,shriyakonda,2026-05-01,23:26:58,-07:00,2026-05-01T23:26:58-07:00,1,12
style.css,102,css,c04637c1,shriyakonda,2026-05-01,23:26:58,-07:00,2026-05-01T23:26:58-07:00,1,18
style.css,103,css,c04637c1,shriyakonda,2026-05-01,23:26:58,-07:00,2026-05-01T23:26:58-07:00,1,7
style.css,104,css,c04637c1,shriyakonda,2026-05-01,23:26:58,-07:00,2026-05-01T23:26:58-07:00,0,0
style.css,105,css,c04637c1,shriyakonda,2026-05-01,23:26:58,-07:00,2026-05-01T23:26:58-07:00,0,0
style.css,106,css,c04637c1,shriyakonda,2026-05-01,23:26:58,-07:00,2026-05-01T23:26:58-07:00,0,7
style.css,107,css,c04637c1,shriyakonda,2026-05-01,23:26:58,-07:00,2026-05-01T23:26:58-07:00,1,12
style.css,108,css,c04637c1,shriyakonda,2026-05-01,23:26:58,-07:00,2026-05-01T23:26:58-07:00,1,57
style.css,109,css,c04637c1,shriyakonda,2026-05-01,23:26:58,-07:00,2026-05-01T23:26:58-07:00,1,9
style.css,110,css,c04637c1,shriyakonda,2026-05-01,23:26:58,-07:00,2026-05-01T23:26:58-07:00,1,11
style.css,111,css,c04637c1,shriyakonda,2026-05-01,23:26:58,-07:00,2026-05-01T23:26:58-07:00,1,36
style.css,112,css,c04637c1,shriyakonda,2026-05-01,23:26:58,-07:00,2026-05-01T23:26:58-07:00,1,6
style.css,113,css,c04637c1,shriyakonda,2026-05-01,23:26:58,-07:00,2026-05-01T23:26:58-07:00,1,15
style.css,114,css,c04637c1,shriyakonda,2026-05-01,23:26:58,-07:00,2026-05-01T23:26:58-07:00,0,0
style.css,115,css,c04637c1,shriyakonda,2026-05-01,23:26:58,-07:00,2026-05-01T23:26:58-07:00,0,0
style.css,116,css,c04637c1,shriyakonda,2026-05-01,23:26:58,-07:00,2026-05-01T23:26:58-07:00,0,12
style.css,117,css,c04637c1,shriyakonda,2026-05-01,23:26:58,-07:00,2026-05-01T23:26:58-07:00,1,12
style.css,118,css,c04637c1,shriyakonda,2026-05-01,23:26:58,-07:00,2026-05-01T23:26:58-07:00,1,18
style.css,119,css,c04637c1,shriyakonda,2026-05-01,23:26:58,-07:00,2026-05-01T23:26:58-07:00,1,9
style.css,120,css,c04637c1,shriyakonda,2026-05-01,23:26:58,-07:00,2026-05-01T23:26:58-07:00,0,0
style.css,121,css,c04637c1,shriyakonda,2026-05-01,23:26:58,-07:00,2026-05-01T23:26:58-07:00,0,0
style.css,122,css,c04637c1,shriyakonda,2026-05-01,23:26:58,-07:00,2026-05-01T23:26:58-07:00,0,7
style.css,123,css,c04637c1,shriyakonda,2026-05-01,23:26:58,-07:00,2026-05-01T23:26:58-07:00,1,20
style.css,124,css,c04637c1,shriyakonda,2026-05-01,23:26:58,-07:00,2026-05-01T23:26:58-07:00,1,9
style.css,125,css,c04637c1,shriyakonda,2026-05-01,23:26:58,-07:00,2026-05-01T23:26:58-07:00,1,10
style.css,126,css,c04637c1,shriyakonda,2026-05-01,23:26:58,-07:00,2026-05-01T23:26:58-07:00,1,29
style.css,127,css,c04637c1,shriyakonda,2026-05-01,23:26:58,-07:00,2026-05-01T23:26:58-07:00,1,17
style.css,128,css,c04637c1,shriyakonda,2026-05-01,23:26:58,-07:00,2026-05-01T23:26:58-07:00,0,0
style.css,129,css,c04637c1,shriyakonda,2026-05-01,23:26:58,-07:00,2026-05-01T23:26:58-07:00,0,0
style.css,130,css,c04637c1,shriyakonda,2026-05-01,23:26:58,-07:00,2026-05-01T23:26:58-07:00,0,8
style.css,131,css,c04637c1,shriyakonda,2026-05-01,23:26:58,-07:00,2026-05-01T23:26:58-07:00,1,16
style.css,132,css,c04637c1,shriyakonda,2026-05-01,23:26:58,-07:00,2026-05-01T23:26:58-07:00,1,14
style.css,133,css,c04637c1,shriyakonda,2026-05-01,23:26:58,-07:00,2026-05-01T23:26:58-07:00,0,0
style.css,134,css,c04637c1,shriyakonda,2026-05-01,23:26:58,-07:00,2026-05-01T23:26:58-07:00,0,0
style.css,135,css,c04637c1,shriyakonda,2026-05-01,23:26:58,-07:00,2026-05-01T23:26:58-07:00,0,51
style.css,136,css,c04637c1,shriyakonda,2026-05-01,23:26:58,-07:00,2026-05-01T23:26:58-07:00,1,11
style.css,137,css,c04637c1,shriyakonda,2026-05-01,23:26:58,-07:00,2026-05-01T23:26:58-07:00,0,0
style.css,138,css,c04637c1,shriyakonda,2026-05-01,23:26:58,-07:00,2026-05-01T23:26:58-07:00,0,0
style.css,139,css,c04637c1,shriyakonda,2026-05-01,23:26:58,-07:00,2026-05-01T23:26:58-07:00,0,9
style.css,140,css,c04637c1,shriyakonda,2026-05-01,23:26:58,-07:00,2026-05-01T23:26:58-07:00,1,35
style.css,141,css,c04637c1,shriyakonda,2026-05-01,23:26:58,-07:00,2026-05-01T23:26:58-07:00,0,0
style.css,142,css,c04637c1,shriyakonda,2026-05-01,23:26:58,-07:00,2026-05-01T23:26:58-07:00,0,0
style.css,143,css,c04637c1,shriyakonda,2026-05-01,23:26:58,-07:00,2026-05-01T23:26:58-07:00,0,18
style.css,144,css,c04637c1,shriyakonda,2026-05-01,23:26:58,-07:00,2026-05-01T23:26:58-07:00,1,17
style.css,145,css,e4f313a2,shriyakonda,2026-05-08,06:20:20,-04:00,2026-05-08T06:20:20-04:00,0,0
style.css,146,css,e4f313a2,shriyakonda,2026-05-08,06:20:20,-04:00,2026-05-08T06:20:20-04:00,0,13
style.css,147,css,e4f313a2,shriyakonda,2026-05-08,06:20:20,-04:00,2026-05-08T06:20:20-04:00,0,73
style.css,148,css,e4f313a2,shriyakonda,2026-05-08,06:20:20,-04:00,2026-05-08T06:20:20-04:00,0,70
style.css,149,css,e4f313a2,shriyakonda,2026-05-08,06:20:20,-04:00,2026-05-08T06:20:20-04:00,0,40
style.css,150,css,e4f313a2,shriyakonda,2026-05-08,06:20:20,-04:00,2026-05-08T06:20:20-04:00,0,52
style.css,151,css,e4f313a2,shriyakonda,2026-05-08,06:20:20,-04:00,2026-05-08T06:20:20-04:00,0,32
style.css,152,css,e4f313a2,shriyakonda,2026-05-08,06:20:20,-04:00,2026-05-08T06:20:20-04:00,0,78
style.css,153,css,e4f313a2,shriyakonda,2026-05-08,06:20:20,-04:00,2026-05-08T06:20:20-04:00,0,37
style.css,154,css,e4f313a2,shriyakonda,2026-05-08,06:20:20,-04:00,2026-05-08T06:20:20-04:00,0,44
style.css,155,css,e4f313a2,shriyakonda,2026-05-08,06:20:20,-04:00,2026-05-08T06:20:20-04:00,0,7
style.css,156,css,e4f313a2,shriyakonda,2026-05-08,06:20:20,-04:00,2026-05-08T06:20:20-04:00,1,73
style.css,157,css,e4f313a2,shriyakonda,2026-05-08,06:20:20,-04:00,2026-05-08T06:20:20-04:00,1,42
style.css,158,css,e4f313a2,shriyakonda,2026-05-08,06:20:20,-04:00,2026-05-08T06:20:20-04:00,0,0
style.css,159,css,e4f313a2,shriyakonda,2026-05-08,06:20:20,-04:00,2026-05-08T06:20:20-04:00,0,25
style.css,160,css,e4f313a2,shriyakonda,2026-05-08,06:20:20,-04:00,2026-05-08T06:20:20-04:00,0,76
style.css,161,css,e4f313a2,shriyakonda,2026-05-08,06:20:20,-04:00,2026-05-08T06:20:20-04:00,0,8
style.css,162,css,e4f313a2,shriyakonda,2026-05-08,06:20:20,-04:00,2026-05-08T06:20:20-04:00,1,35
style.css,163,css,e4f313a2,shriyakonda,2026-05-08,06:20:20,-04:00,2026-05-08T06:20:20-04:00,1,72
style.css,164,css,e4f313a2,shriyakonda,2026-05-08,06:20:20,-04:00,2026-05-08T06:20:20-04:00,1,66
style.css,165,css,e4f313a2,shriyakonda,2026-05-08,06:20:20,-04:00,2026-05-08T06:20:20-04:00,0,0
style.css,166,css,e4f313a2,shriyakonda,2026-05-08,06:20:20,-04:00,2026-05-08T06:20:20-04:00,0,69
index.js,1,js,36a8889c,shriyakonda,2026-04-24,20:31:54,-07:00,2026-04-24T20:31:54-07:00,0,71
index.js,2,js,36a8889c,shriyakonda,2026-04-24,20:31:54,-07:00,2026-04-24T20:31:54-07:00,0,0
index.js,3,js,36a8889c,shriyakonda,2026-04-24,20:31:54,-07:00,2026-04-24T20:31:54-07:00,0,54
index.js,4,js,36a8889c,shriyakonda,2026-04-24,20:31:54,-07:00,2026-04-24T20:31:54-07:00,0,42
index.js,5,js,36a8889c,shriyakonda,2026-04-24,20:31:54,-07:00,2026-04-24T20:31:54-07:00,0,60
index.js,6,js,36a8889c,shriyakonda,2026-04-24,20:31:54,-07:00,2026-04-24T20:31:54-07:00,0,54
index.js,7,js,36a8889c,shriyakonda,2026-04-24,20:31:54,-07:00,2026-04-24T20:31:54-07:00,0,0
index.js,8,js,36a8889c,shriyakonda,2026-04-24,20:31:54,-07:00,2026-04-24T20:31:54-07:00,0,54
index.js,9,js,36a8889c,shriyakonda,2026-04-24,20:31:54,-07:00,2026-04-24T20:31:54-07:00,0,60
index.js,10,js,36a8889c,shriyakonda,2026-04-24,20:31:54,-07:00,2026-04-24T20:31:54-07:00,0,17
index.js,11,js,36a8889c,shriyakonda,2026-04-24,20:31:54,-07:00,2026-04-24T20:31:54-07:00,1,24
index.js,12,js,36a8889c,shriyakonda,2026-04-24,20:31:54,-07:00,2026-04-24T20:31:54-07:00,2,2
index.js,13,js,36a8889c,shriyakonda,2026-04-24,20:31:54,-07:00,2026-04-24T20:31:54-07:00,3,55
index.js,14,js,36a8889c,shriyakonda,2026-04-24,20:31:54,-07:00,2026-04-24T20:31:54-07:00,3,55
index.js,15,js,36a8889c,shriyakonda,2026-04-24,20:31:54,-07:00,2026-04-24T20:31:54-07:00,3,49
index.js,16,js,36a8889c,shriyakonda,2026-04-24,20:31:54,-07:00,2026-04-24T20:31:54-07:00,3,49
index.js,17,js,36a8889c,shriyakonda,2026-04-24,20:31:54,-07:00,2026-04-24T20:31:54-07:00,2,3
index.js,18,js,36a8889c,shriyakonda,2026-04-24,20:31:54,-07:00,2026-04-24T20:31:54-07:00,1,0
index.js,19,js,36a8889c,shriyakonda,2026-04-24,20:31:54,-07:00,2026-04-24T20:31:54-07:00,0,0
index.html,1,html,ad5dcb0,shriyakonda,2026-04-04,23:28:39,-07:00,2026-04-04T23:28:39-07:00,0,13
index.html,2,html,ad5dcb0,shriyakonda,2026-04-04,23:28:39,-07:00,2026-04-04T23:28:39-07:00,0,14
index.html,3,html,ad5dcb0,shriyakonda,2026-04-04,23:28:39,-07:00,2026-04-04T23:28:39-07:00,0,4
index.html,4,html,ad5dcb0,shriyakonda,2026-04-04,23:28:39,-07:00,2026-04-04T23:28:39-07:00,2,20
index.html,5,html,ad5dcb0,shriyakonda,2026-04-04,23:28:39,-07:00,2026-04-04T23:28:39-07:00,2,68
index.html,6,html,ad5dcb0,shriyakonda,2026-04-04,23:28:39,-07:00,2026-04-04T23:28:39-07:00,2,54
index.html,7,html,3bdbecd1,shriyakonda,2026-04-04,23:42:17,-07:00,2026-04-04T23:42:17-07:00,2,38
index.html,8,html,ad5dcb0,shriyakonda,2026-04-04,23:28:39,-07:00,2026-04-04T23:28:39-07:00,0,5
index.html,9,html,ad5dcb0,shriyakonda,2026-04-04,23:28:39,-07:00,2026-04-04T23:28:39-07:00,0,4
index.html,10,html,ad5dcb0,shriyakonda,2026-04-04,23:28:39,-07:00,2026-04-04T23:28:39-07:00,2,19
index.html,11,html,ad5dcb0,shriyakonda,2026-04-04,23:28:39,-07:00,2026-04-04T23:28:39-07:00,2,65
index.html,12,html,ad5dcb0,shriyakonda,2026-04-04,23:28:39,-07:00,2026-04-04T23:28:39-07:00,2,83
index.html,13,html,172742cf,shriyakonda,2026-04-06,22:42:37,-07:00,2026-04-06T22:42:37-07:00,2,6
index.html,14,html,172742cf,shriyakonda,2026-04-06,22:42:37,-07:00,2026-04-06T22:42:37-07:00,4,58
index.html,15,html,172742cf,shriyakonda,2026-04-06,22:42:37,-07:00,2026-04-06T22:42:37-07:00,4,98
index.html,16,html,172742cf,shriyakonda,2026-04-06,22:42:37,-07:00,2026-04-06T22:42:37-07:00,2,7
index.html,17,html,67aceaab,shriyakonda,2026-04-24,12:03:12,-07:00,2026-04-24T12:03:12-07:00,2,22
index.html,18,html,67aceaab,shriyakonda,2026-04-24,12:03:12,-07:00,2026-04-24T12:03:12-07:00,2,26
index.html,19,html,67aceaab,shriyakonda,2026-04-24,12:03:12,-07:00,2026-04-24T12:03:12-07:00,2,22
index.html,20,html,67aceaab,shriyakonda,2026-04-24,12:03:12,-07:00,2026-04-24T12:03:12-07:00,3,19
index.html,21,html,67aceaab,shriyakonda,2026-04-24,12:03:12,-07:00,2026-04-24T12:03:12-07:00,2,4
index.html,22,html,6f139c1d,shriyakonda,2026-04-18,23:12:59,-07:00,2026-04-18T23:12:59-07:00,2,45
index.html,23,html,67aceaab,shriyakonda,2026-04-24,12:03:12,-07:00,2026-04-24T12:03:12-07:00,2,50
index.html,24,html,ad5dcb0,shriyakonda,2026-04-04,23:28:39,-07:00,2026-04-04T23:28:39-07:00,0,5
index.html,25,html,ad5dcb0,shriyakonda,2026-04-04,23:28:39,-07:00,2026-04-04T23:28:39-07:00,0,5
global.js,1,js,6f139c1d,shriyakonda,2026-04-18,23:12:59,-07:00,2026-04-18T23:12:59-07:00,0,25
global.js,2,js,6f139c1d,shriyakonda,2026-04-18,23:12:59,-07:00,2026-04-18T23:12:59-07:00,0,0
global.js,3,js,6f139c1d,shriyakonda,2026-04-18,23:12:59,-07:00,2026-04-18T23:12:59-07:00,0,41
global.js,4,js,6f139c1d,shriyakonda,2026-04-18,23:12:59,-07:00,2026-04-18T23:12:59-07:00,1,52
global.js,5,js,6f139c1d,shriyakonda,2026-04-18,23:12:59,-07:00,2026-04-18T23:12:59-07:00,0,0
global.js,6,js,6f139c1d,shriyakonda,2026-04-18,23:12:59,-07:00,2026-04-18T23:12:59-07:00,0,0
global.js,7,js,6f139c1d,shriyakonda,2026-04-18,23:12:59,-07:00,2026-04-18T23:12:59-07:00,0,88
global.js,8,js,6f139c1d,shriyakonda,2026-04-18,23:12:59,-07:00,2026-04-18T23:12:59-07:00,1,3
global.js,9,js,6f139c1d,shriyakonda,2026-04-18,23:12:59,-07:00,2026-04-18T23:12:59-07:00,1,14
global.js,10,js,6f139c1d,shriyakonda,2026-04-18,23:12:59,-07:00,2026-04-18T23:12:59-07:00,0,0
global.js,11,js,6f139c1d,shriyakonda,2026-04-18,23:12:59,-07:00,2026-04-18T23:12:59-07:00,0,11
global.js,12,js,6f139c1d,shriyakonda,2026-04-18,23:12:59,-07:00,2026-04-18T23:12:59-07:00,1,25
global.js,13,js,6f139c1d,shriyakonda,2026-04-18,23:12:59,-07:00,2026-04-18T23:12:59-07:00,1,38
global.js,14,js,6f139c1d,shriyakonda,2026-04-18,23:12:59,-07:00,2026-04-18T23:12:59-07:00,1,36
global.js,15,js,6f139c1d,shriyakonda,2026-04-18,23:12:59,-07:00,2026-04-18T23:12:59-07:00,1,34
global.js,16,js,00000000,Not Committed Yet,2026-05-08,14:01:13,-04:00,2026-05-08T14:01:13-04:00,1,30
global.js,17,js,6f139c1d,shriyakonda,2026-04-18,23:12:59,-07:00,2026-04-18T23:12:59-07:00,1,57
global.js,18,js,6f139c1d,shriyakonda,2026-04-18,23:12:59,-07:00,2026-04-18T23:12:59-07:00,0,0
global.js,19,js,6f139c1d,shriyakonda,2026-04-18,23:12:59,-07:00,2026-04-18T23:12:59-07:00,0,0
global.js,20,js,6f139c1d,shriyakonda,2026-04-18,23:12:59,-07:00,2026-04-18T23:12:59-07:00,0,38
global.js,21,js,6f139c1d,shriyakonda,2026-04-18,23:12:59,-07:00,2026-04-18T23:12:59-07:00,0,25
global.js,22,js,6f139c1d,shriyakonda,2026-04-18,23:12:59,-07:00,2026-04-18T23:12:59-07:00,0,0
global.js,23,js,6f139c1d,shriyakonda,2026-04-18,23:12:59,-07:00,2026-04-18T23:12:59-07:00,0,20
global.js,24,js,6f139c1d,shriyakonda,2026-04-18,23:12:59,-07:00,2026-04-18T23:12:59-07:00,1,14
global.js,25,js,6f139c1d,shriyakonda,2026-04-18,23:12:59,-07:00,2026-04-18T23:12:59-07:00,1,18
global.js,26,js,6f139c1d,shriyakonda,2026-04-18,23:12:59,-07:00,2026-04-18T23:12:59-07:00,0,0
global.js,27,js,6f139c1d,shriyakonda,2026-04-18,23:12:59,-07:00,2026-04-18T23:12:59-07:00,1,52
global.js,28,js,6f139c1d,shriyakonda,2026-04-18,23:12:59,-07:00,2026-04-18T23:12:59-07:00,0,0
global.js,29,js,6f139c1d,shriyakonda,2026-04-18,23:12:59,-07:00,2026-04-18T23:12:59-07:00,1,34
global.js,30,js,6f139c1d,shriyakonda,2026-04-18,23:12:59,-07:00,2026-04-18T23:12:59-07:00,1,11
global.js,31,js,6f139c1d,shriyakonda,2026-04-18,23:12:59,-07:00,2026-04-18T23:12:59-07:00,1,20
global.js,32,js,6f139c1d,shriyakonda,2026-04-18,23:12:59,-07:00,2026-04-18T23:12:59-07:00,1,12
global.js,33,js,6f139c1d,shriyakonda,2026-04-18,23:12:59,-07:00,2026-04-18T23:12:59-07:00,0,0
global.js,34,js,6f139c1d,shriyakonda,2026-04-18,23:12:59,-07:00,2026-04-18T23:12:59-07:00,1,90
global.js,35,js,6f139c1d,shriyakonda,2026-04-18,23:12:59,-07:00,2026-04-18T23:12:59-07:00,0,0
global.js,36,js,6f139c1d,shriyakonda,2026-04-18,23:12:59,-07:00,2026-04-18T23:12:59-07:00,1,29
global.js,37,js,6f139c1d,shriyakonda,2026-04-18,23:12:59,-07:00,2026-04-18T23:12:59-07:00,2,18
global.js,38,js,6f139c1d,shriyakonda,2026-04-18,23:12:59,-07:00,2026-04-18T23:12:59-07:00,1,0
global.js,39,js,6f139c1d,shriyakonda,2026-04-18,23:12:59,-07:00,2026-04-18T23:12:59-07:00,0,0
global.js,40,js,6f139c1d,shriyakonda,2026-04-18,23:12:59,-07:00,2026-04-18T23:12:59-07:00,0,0
global.js,41,js,6f139c1d,shriyakonda,2026-04-18,23:12:59,-07:00,2026-04-18T23:12:59-07:00,0,19
global.js,42,js,6f139c1d,shriyakonda,2026-04-18,23:12:59,-07:00,2026-04-18T23:12:59-07:00,0,31
global.js,43,js,6f139c1d,shriyakonda,2026-04-18,23:12:59,-07:00,2026-04-18T23:12:59-07:00,1,11
global.js,44,js,6f139c1d,shriyakonda,2026-04-18,23:12:59,-07:00,2026-04-18T23:12:59-07:00,1,27
global.js,45,js,6f139c1d,shriyakonda,2026-04-18,23:12:59,-07:00,2026-04-18T23:12:59-07:00,2,4
global.js,46,js,6f139c1d,shriyakonda,2026-04-18,23:12:59,-07:00,2026-04-18T23:12:59-07:00,2,6
global.js,47,js,6f139c1d,shriyakonda,2026-04-18,23:12:59,-07:00,2026-04-18T23:12:59-07:00,3,43
global.js,48,js,6f139c1d,shriyakonda,2026-04-18,23:12:59,-07:00,2026-04-18T23:12:59-07:00,3,34
global.js,49,js,6f139c1d,shriyakonda,2026-04-18,23:12:59,-07:00,2026-04-18T23:12:59-07:00,3,32
global.js,50,js,6f139c1d,shriyakonda,2026-04-18,23:12:59,-07:00,2026-04-18T23:12:59-07:00,2,7
global.js,51,js,6f139c1d,shriyakonda,2026-04-18,23:12:59,-07:00,2026-04-18T23:12:59-07:00,1,8
global.js,52,js,6f139c1d,shriyakonda,2026-04-18,23:12:59,-07:00,2026-04-18T23:12:59-07:00,0,0
global.js,53,js,6f139c1d,shriyakonda,2026-04-18,23:12:59,-07:00,2026-04-18T23:12:59-07:00,0,0
global.js,54,js,6f139c1d,shriyakonda,2026-04-18,23:12:59,-07:00,2026-04-18T23:12:59-07:00,0,58
global.js,55,js,6f139c1d,shriyakonda,2026-04-18,23:12:59,-07:00,2026-04-18T23:12:59-07:00,0,0
global.js,56,js,6f139c1d,shriyakonda,2026-04-18,23:12:59,-07:00,2026-04-18T23:12:59-07:00,0,36
global.js,57,js,6f139c1d,shriyakonda,2026-04-18,23:12:59,-07:00,2026-04-18T23:12:59-07:00,1,70
global.js,58,js,6f139c1d,shriyakonda,2026-04-18,23:12:59,-07:00,2026-04-18T23:12:59-07:00,1,25
global.js,59,js,6f139c1d,shriyakonda,2026-04-18,23:12:59,-07:00,2026-04-18T23:12:59-07:00,0,0
global.js,60,js,6f139c1d,shriyakonda,2026-04-18,23:12:59,-07:00,2026-04-18T23:12:59-07:00,0,0
global.js,61,js,6f139c1d,shriyakonda,2026-04-18,23:12:59,-07:00,2026-04-18T23:12:59-07:00,0,34
global.js,62,js,6f139c1d,shriyakonda,2026-04-18,23:12:59,-07:00,2026-04-18T23:12:59-07:00,1,39
global.js,63,js,6f139c1d,shriyakonda,2026-04-18,23:12:59,-07:00,2026-04-18T23:12:59-07:00,0,0
global.js,64,js,6f139c1d,shriyakonda,2026-04-18,23:12:59,-07:00,2026-04-18T23:12:59-07:00,0,0
global.js,65,js,6f139c1d,shriyakonda,2026-04-18,23:12:59,-07:00,2026-04-18T23:12:59-07:00,0,49
global.js,66,js,6f139c1d,shriyakonda,2026-04-18,23:12:59,-07:00,2026-04-18T23:12:59-07:00,1,44
global.js,67,js,6f139c1d,shriyakonda,2026-04-18,23:12:59,-07:00,2026-04-18T23:12:59-07:00,1,33
global.js,68,js,6f139c1d,shriyakonda,2026-04-18,23:12:59,-07:00,2026-04-18T23:12:59-07:00,0,1
global.js,69,js,6f139c1d,shriyakonda,2026-04-18,23:12:59,-07:00,2026-04-18T23:12:59-07:00,0,0
global.js,70,js,6f139c1d,shriyakonda,2026-04-18,23:12:59,-07:00,2026-04-18T23:12:59-07:00,0,20
global.js,71,js,6f139c1d,shriyakonda,2026-04-18,23:12:59,-07:00,2026-04-18T23:12:59-07:00,0,40
global.js,72,js,6f139c1d,shriyakonda,2026-04-18,23:12:59,-07:00,2026-04-18T23:12:59-07:00,0,49
global.js,73,js,6f139c1d,shriyakonda,2026-04-18,23:12:59,-07:00,2026-04-18T23:12:59-07:00,1,21
global.js,74,js,6f139c1d,shriyakonda,2026-04-18,23:12:59,-07:00,2026-04-18T23:12:59-07:00,1,28
global.js,75,js,6f139c1d,shriyakonda,2026-04-18,23:12:59,-07:00,2026-04-18T23:12:59-07:00,1,26
global.js,76,js,6f139c1d,shriyakonda,2026-04-18,23:12:59,-07:00,2026-04-18T23:12:59-07:00,1,14
global.js,77,js,6f139c1d,shriyakonda,2026-04-18,23:12:59,-07:00,2026-04-18T23:12:59-07:00,1,31
global.js,78,js,6f139c1d,shriyakonda,2026-04-18,23:12:59,-07:00,2026-04-18T23:12:59-07:00,2,50
global.js,79,js,6f139c1d,shriyakonda,2026-04-18,23:12:59,-07:00,2026-04-18T23:12:59-07:00,1,0
global.js,80,js,6f139c1d,shriyakonda,2026-04-18,23:12:59,-07:00,2026-04-18T23:12:59-07:00,1,22
global.js,81,js,6f139c1d,shriyakonda,2026-04-18,23:12:59,-07:00,2026-04-18T23:12:59-07:00,1,18
global.js,82,js,67aceaab,shriyakonda,2026-04-24,12:03:12,-07:00,2026-04-24T12:03:12-07:00,0,1
global.js,83,js,67aceaab,shriyakonda,2026-04-24,12:03:12,-07:00,2026-04-24T12:03:12-07:00,0,0
global.js,84,js,67aceaab,shriyakonda,2026-04-24,12:03:12,-07:00,2026-04-24T12:03:12-07:00,0,18
global.js,85,js,67aceaab,shriyakonda,2026-04-24,12:03:12,-07:00,2026-04-24T12:03:12-07:00,0,36
global.js,86,js,67aceaab,shriyakonda,2026-04-24,12:03:12,-07:00,2026-04-24T12:03:12-07:00,1,3
global.js,87,js,67aceaab,shriyakonda,2026-04-24,12:03:12,-07:00,2026-04-24T12:03:12-07:00,2,32
global.js,88,js,67aceaab,shriyakonda,2026-04-24,12:03:12,-07:00,2026-04-24T12:03:12-07:00,2,17
global.js,89,js,67aceaab,shriyakonda,2026-04-24,12:03:12,-07:00,2026-04-24T12:03:12-07:00,3,57
global.js,90,js,67aceaab,shriyakonda,2026-04-24,12:03:12,-07:00,2026-04-24T12:03:12-07:00,2,0
global.js,91,js,67aceaab,shriyakonda,2026-04-24,12:03:12,-07:00,2026-04-24T12:03:12-07:00,2,33
global.js,92,js,67aceaab,shriyakonda,2026-04-24,12:03:12,-07:00,2026-04-24T12:03:12-07:00,2,10
global.js,93,js,67aceaab,shriyakonda,2026-04-24,12:03:12,-07:00,2026-04-24T12:03:12-07:00,1,15
global.js,94,js,67aceaab,shriyakonda,2026-04-24,12:03:12,-07:00,2026-04-24T12:03:12-07:00,2,59
global.js,95,js,67aceaab,shriyakonda,2026-04-24,12:03:12,-07:00,2026-04-24T12:03:12-07:00,1,0
global.js,96,js,67aceaab,shriyakonda,2026-04-24,12:03:12,-07:00,2026-04-24T12:03:12-07:00,0,0
global.js,97,js,67aceaab,shriyakonda,2026-04-24,12:03:12,-07:00,2026-04-24T12:03:12-07:00,0,0
global.js,98,js,67aceaab,shriyakonda,2026-04-24,12:03:12,-07:00,2026-04-24T12:03:12-07:00,0,23
global.js,99,js,67aceaab,shriyakonda,2026-04-24,12:03:12,-07:00,2026-04-24T12:03:12-07:00,0,79
global.js,100,js,67aceaab,shriyakonda,2026-04-24,12:03:12,-07:00,2026-04-24T12:03:12-07:00,1,30
global.js,101,js,67aceaab,shriyakonda,2026-04-24,12:03:12,-07:00,2026-04-24T12:03:12-07:00,1,29
global.js,102,js,67aceaab,shriyakonda,2026-04-24,12:03:12,-07:00,2026-04-24T12:03:12-07:00,2,48
global.js,103,js,67aceaab,shriyakonda,2026-04-24,12:03:12,-07:00,2026-04-24T12:03:12-07:00,2,19
global.js,104,js,67aceaab,shriyakonda,2026-04-24,12:03:12,-07:00,2026-04-24T12:03:12-07:00,3,49
global.js,105,js,67aceaab,shriyakonda,2026-04-24,12:03:12,-07:00,2026-04-24T12:03:12-07:00,3,49
global.js,106,js,c04637c1,shriyakonda,2026-05-01,23:26:58,-07:00,2026-05-01T23:26:58-07:00,3,3
global.js,107,js,c04637c1,shriyakonda,2026-05-01,23:26:58,-07:00,2026-05-01T23:26:58-07:00,4,27
global.js,108,js,c04637c1,shriyakonda,2026-05-01,23:26:58,-07:00,2026-05-01T23:26:58-07:00,4,41
global.js,109,js,c04637c1,shriyakonda,2026-05-01,23:26:58,-07:00,2026-05-01T23:26:58-07:00,3,4
global.js,110,js,c04637c1,shriyakonda,2026-05-01,23:26:58,-07:00,2026-05-01T23:26:58-07:00,3,0
global.js,111,js,67aceaab,shriyakonda,2026-04-24,12:03:12,-07:00,2026-04-24T12:03:12-07:00,2,36
global.js,112,js,67aceaab,shriyakonda,2026-04-24,12:03:12,-07:00,2026-04-24T12:03:12-07:00,1,0
global.js,113,js,67aceaab,shriyakonda,2026-04-24,12:03:12,-07:00,2026-04-24T12:03:12-07:00,0,0
global.js,114,js,67aceaab,shriyakonda,2026-04-24,12:03:12,-07:00,2026-04-24T12:03:12-07:00,0,0
global.js,115,js,67aceaab,shriyakonda,2026-04-24,12:03:12,-07:00,2026-04-24T12:03:12-07:00,0,25
global.js,116,js,67aceaab,shriyakonda,2026-04-24,12:03:12,-07:00,2026-04-24T12:03:12-07:00,0,47
global.js,117,js,67aceaab,shriyakonda,2026-04-24,12:03:12,-07:00,2026-04-24T12:03:12-07:00,1,59
global.js,118,js,67aceaab,shriyakonda,2026-04-24,12:03:12,-07:00,2026-04-24T12:03:12-07:00,0,0
resume/index.html,1,html,5e7bffdf,shriyakonda,2026-04-04,23:54:40,-07:00,2026-04-04T23:54:40-07:00,0,13
resume/index.html,2,html,5e7bffdf,shriyakonda,2026-04-04,23:54:40,-07:00,2026-04-04T23:54:40-07:00,0,14
resume/index.html,3,html,5e7bffdf,shriyakonda,2026-04-04,23:54:40,-07:00,2026-04-04T23:54:40-07:00,0,4
resume/index.html,4,html,5e7bffdf,shriyakonda,2026-04-04,23:54:40,-07:00,2026-04-04T23:54:40-07:00,2,20
resume/index.html,5,html,5e7bffdf,shriyakonda,2026-04-04,23:54:40,-07:00,2026-04-04T23:54:40-07:00,2,68
resume/index.html,6,html,5e7bffdf,shriyakonda,2026-04-04,23:54:40,-07:00,2026-04-04T23:54:40-07:00,2,34
resume/index.html,7,html,5e7bffdf,shriyakonda,2026-04-04,23:54:40,-07:00,2026-04-04T23:54:40-07:00,2,41
resume/index.html,8,html,5e7bffdf,shriyakonda,2026-04-04,23:54:40,-07:00,2026-04-04T23:54:40-07:00,0,5
resume/index.html,9,html,5e7bffdf,shriyakonda,2026-04-04,23:54:40,-07:00,2026-04-04T23:54:40-07:00,0,4
resume/index.html,10,html,5e7bffdf,shriyakonda,2026-04-04,23:54:40,-07:00,2026-04-04T23:54:40-07:00,2,19
resume/index.html,11,html,5e7bffdf,shriyakonda,2026-04-04,23:54:40,-07:00,2026-04-04T23:54:40-07:00,0,0
resume/index.html,12,html,5e7bffdf,shriyakonda,2026-04-04,23:54:40,-07:00,2026-04-04T23:54:40-07:00,2,7
resume/index.html,13,html,5e7bffdf,shriyakonda,2026-04-04,23:54:40,-07:00,2026-04-04T23:54:40-07:00,4,16
resume/index.html,14,html,5e7bffdf,shriyakonda,2026-04-04,23:54:40,-07:00,2026-04-04T23:54:40-07:00,4,7
resume/index.html,15,html,5e7bffdf,shriyakonda,2026-04-04,23:54:40,-07:00,2026-04-04T23:54:40-07:00,6,19
resume/index.html,16,html,5e7bffdf,shriyakonda,2026-04-04,23:54:40,-07:00,2026-04-04T23:54:40-07:00,6,22
resume/index.html,17,html,5e7bffdf,shriyakonda,2026-04-04,23:54:40,-07:00,2026-04-04T23:54:40-07:00,6,88
resume/index.html,18,html,5e7bffdf,shriyakonda,2026-04-04,23:54:40,-07:00,2026-04-04T23:54:40-07:00,4,8
resume/index.html,19,html,5e7bffdf,shriyakonda,2026-04-04,23:54:40,-07:00,2026-04-04T23:54:40-07:00,2,8
resume/index.html,20,html,5e7bffdf,shriyakonda,2026-04-04,23:54:40,-07:00,2026-04-04T23:54:40-07:00,0,0
resume/index.html,21,html,5e7bffdf,shriyakonda,2026-04-04,23:54:40,-07:00,2026-04-04T23:54:40-07:00,2,7
resume/index.html,22,html,5e7bffdf,shriyakonda,2026-04-04,23:54:40,-07:00,2026-04-04T23:54:40-07:00,4,17
resume/index.html,23,html,5e7bffdf,shriyakonda,2026-04-04,23:54:40,-07:00,2026-04-04T23:54:40-07:00,4,7
resume/index.html,24,html,5e7bffdf,shriyakonda,2026-04-04,23:54:40,-07:00,2026-04-04T23:54:40-07:00,6,31
resume/index.html,25,html,5e7bffdf,shriyakonda,2026-04-04,23:54:40,-07:00,2026-04-04T23:54:40-07:00,6,88
resume/index.html,26,html,5e7bffdf,shriyakonda,2026-04-04,23:54:40,-07:00,2026-04-04T23:54:40-07:00,6,33
resume/index.html,27,html,5e7bffdf,shriyakonda,2026-04-04,23:54:40,-07:00,2026-04-04T23:54:40-07:00,4,8
resume/index.html,28,html,5e7bffdf,shriyakonda,2026-04-04,23:54:40,-07:00,2026-04-04T23:54:40-07:00,2,8
resume/index.html,29,html,5e7bffdf,shriyakonda,2026-04-04,23:54:40,-07:00,2026-04-04T23:54:40-07:00,0,0
resume/index.html,30,html,5e7bffdf,shriyakonda,2026-04-04,23:54:40,-07:00,2026-04-04T23:54:40-07:00,2,7
resume/index.html,31,html,5e7bffdf,shriyakonda,2026-04-04,23:54:40,-07:00,2026-04-04T23:54:40-07:00,4,13
resume/index.html,32,html,5e7bffdf,shriyakonda,2026-04-04,23:54:40,-07:00,2026-04-04T23:54:40-07:00,4,2
resume/index.html,33,html,5e7bffdf,shriyakonda,2026-04-04,23:54:40,-07:00,2026-04-04T23:54:40-07:00,6,13
resume/index.html,34,html,5e7bffdf,shriyakonda,2026-04-04,23:54:40,-07:00,2026-04-04T23:54:40-07:00,6,25
resume/index.html,35,html,5e7bffdf,shriyakonda,2026-04-04,23:54:40,-07:00,2026-04-04T23:54:40-07:00,6,15
resume/index.html,36,html,5e7bffdf,shriyakonda,2026-04-04,23:54:40,-07:00,2026-04-04T23:54:40-07:00,4,3
resume/index.html,37,html,5e7bffdf,shriyakonda,2026-04-04,23:54:40,-07:00,2026-04-04T23:54:40-07:00,2,8
resume/index.html,38,html,70bea0ec,shriyakonda,2026-04-18,23:53:51,-07:00,2026-04-18T23:53:51-07:00,2,48
resume/index.html,39,html,5e7bffdf,shriyakonda,2026-04-04,23:54:40,-07:00,2026-04-04T23:54:40-07:00,0,5
resume/index.html,40,html,5e7bffdf,shriyakonda,2026-04-04,23:54:40,-07:00,2026-04-04T23:54:40-07:00,0,5
projects/projects.js,1,js,67aceaab,shriyakonda,2026-04-24,12:03:12,-07:00,2026-04-24T12:03:12-07:00,0,55
projects/projects.js,2,js,c04637c1,shriyakonda,2026-05-01,23:26:58,-07:00,2026-05-01T23:26:58-07:00,0,63
projects/projects.js,3,js,67aceaab,shriyakonda,2026-04-24,12:03:12,-07:00,2026-04-24T12:03:12-07:00,0,0
projects/projects.js,4,js,67aceaab,shriyakonda,2026-04-24,12:03:12,-07:00,2026-04-24T12:03:12-07:00,0,55
projects/projects.js,5,js,67aceaab,shriyakonda,2026-04-24,12:03:12,-07:00,2026-04-24T12:03:12-07:00,0,60
projects/projects.js,6,js,67aceaab,shriyakonda,2026-04-24,12:03:12,-07:00,2026-04-24T12:03:12-07:00,0,0
projects/projects.js,7,js,67aceaab,shriyakonda,2026-04-24,12:03:12,-07:00,2026-04-24T12:03:12-07:00,0,86
projects/projects.js,8,js,67aceaab,shriyakonda,2026-04-24,12:03:12,-07:00,2026-04-24T12:03:12-07:00,0,0
projects/projects.js,9,js,c04637c1,shriyakonda,2026-05-01,23:26:58,-07:00,2026-05-01T23:26:58-07:00,0,13
projects/projects.js,10,js,c04637c1,shriyakonda,2026-05-01,23:26:58,-07:00,2026-05-01T23:26:58-07:00,0,21
projects/projects.js,11,js,c04637c1,shriyakonda,2026-05-01,23:26:58,-07:00,2026-05-01T23:26:58-07:00,0,0
projects/projects.js,12,js,c04637c1,shriyakonda,2026-05-01,23:26:58,-07:00,2026-05-01T23:26:58-07:00,0,53
projects/projects.js,13,js,c04637c1,shriyakonda,2026-05-01,23:26:58,-07:00,2026-05-01T23:26:58-07:00,0,0
projects/projects.js,14,js,c04637c1,shriyakonda,2026-05-01,23:26:58,-07:00,2026-05-01T23:26:58-07:00,0,57
projects/projects.js,15,js,c04637c1,shriyakonda,2026-05-01,23:26:58,-07:00,2026-05-01T23:26:58-07:00,0,47
projects/projects.js,16,js,c04637c1,shriyakonda,2026-05-01,23:26:58,-07:00,2026-05-01T23:26:58-07:00,0,0
projects/projects.js,17,js,c04637c1,shriyakonda,2026-05-01,23:26:58,-07:00,2026-05-01T23:26:58-07:00,0,38
projects/projects.js,18,js,c04637c1,shriyakonda,2026-05-01,23:26:58,-07:00,2026-05-01T23:26:58-07:00,1,25
projects/projects.js,19,js,c04637c1,shriyakonda,2026-05-01,23:26:58,-07:00,2026-05-01T23:26:58-07:00,1,29
projects/projects.js,20,js,c04637c1,shriyakonda,2026-05-01,23:26:58,-07:00,2026-05-01T23:26:58-07:00,1,44
projects/projects.js,21,js,c04637c1,shriyakonda,2026-05-01,23:26:58,-07:00,2026-05-01T23:26:58-07:00,0,0
projects/projects.js,22,js,c04637c1,shriyakonda,2026-05-01,23:26:58,-07:00,2026-05-01T23:26:58-07:00,1,26
projects/projects.js,23,js,c04637c1,shriyakonda,2026-05-01,23:26:58,-07:00,2026-05-01T23:26:58-07:00,2,12
projects/projects.js,24,js,c04637c1,shriyakonda,2026-05-01,23:26:58,-07:00,2026-05-01T23:26:58-07:00,2,14
projects/projects.js,25,js,c04637c1,shriyakonda,2026-05-01,23:26:58,-07:00,2026-05-01T23:26:58-07:00,2,12
projects/projects.js,26,js,c04637c1,shriyakonda,2026-05-01,23:26:58,-07:00,2026-05-01T23:26:58-07:00,1,0
projects/projects.js,27,js,c04637c1,shriyakonda,2026-05-01,23:26:58,-07:00,2026-05-01T23:26:58-07:00,0,0
projects/projects.js,28,js,c04637c1,shriyakonda,2026-05-01,23:26:58,-07:00,2026-05-01T23:26:58-07:00,1,44
projects/projects.js,29,js,c04637c1,shriyakonda,2026-05-01,23:26:58,-07:00,2026-05-01T23:26:58-07:00,2,35
projects/projects.js,30,js,c04637c1,shriyakonda,2026-05-01,23:26:58,-07:00,2026-05-01T23:26:58-07:00,1,1
projects/projects.js,31,js,c04637c1,shriyakonda,2026-05-01,23:26:58,-07:00,2026-05-01T23:26:58-07:00,0,0
projects/projects.js,32,js,c04637c1,shriyakonda,2026-05-01,23:26:58,-07:00,2026-05-01T23:26:58-07:00,1,50
projects/projects.js,33,js,c04637c1,shriyakonda,2026-05-01,23:26:58,-07:00,2026-05-01T23:26:58-07:00,1,33
projects/projects.js,34,js,c04637c1,shriyakonda,2026-05-01,23:26:58,-07:00,2026-05-01T23:26:58-07:00,1,45
projects/projects.js,35,js,c04637c1,shriyakonda,2026-05-01,23:26:58,-07:00,2026-05-01T23:26:58-07:00,0,0
projects/projects.js,36,js,c04637c1,shriyakonda,2026-05-01,23:26:58,-07:00,2026-05-01T23:26:58-07:00,1,24
projects/projects.js,37,js,c04637c1,shriyakonda,2026-05-01,23:26:58,-07:00,2026-05-01T23:26:58-07:00,2,1
projects/projects.js,38,js,c04637c1,shriyakonda,2026-05-01,23:26:58,-07:00,2026-05-01T23:26:58-07:00,3,13
projects/projects.js,39,js,c04637c1,shriyakonda,2026-05-01,23:26:58,-07:00,2026-05-01T23:26:58-07:00,3,13
projects/projects.js,40,js,c04637c1,shriyakonda,2026-05-01,23:26:58,-07:00,2026-05-01T23:26:58-07:00,3,22
projects/projects.js,41,js,c04637c1,shriyakonda,2026-05-01,23:26:58,-07:00,2026-05-01T23:26:58-07:00,3,51
projects/projects.js,42,js,c04637c1,shriyakonda,2026-05-01,23:26:58,-07:00,2026-05-01T23:26:58-07:00,3,18
projects/projects.js,43,js,c04637c1,shriyakonda,2026-05-01,23:26:58,-07:00,2026-05-01T23:26:58-07:00,4,43
projects/projects.js,44,js,c04637c1,shriyakonda,2026-05-01,23:26:58,-07:00,2026-05-01T23:26:58-07:00,0,0
projects/projects.js,45,js,c04637c1,shriyakonda,2026-05-01,23:26:58,-07:00,2026-05-01T23:26:58-07:00,4,1
projects/projects.js,46,js,c04637c1,shriyakonda,2026-05-01,23:26:58,-07:00,2026-05-01T23:26:58-07:00,5,16
projects/projects.js,47,js,c04637c1,shriyakonda,2026-05-01,23:26:58,-07:00,2026-05-01T23:26:58-07:00,5,66
projects/projects.js,48,js,c04637c1,shriyakonda,2026-05-01,23:26:58,-07:00,2026-05-01T23:26:58-07:00,0,0
projects/projects.js,49,js,c04637c1,shriyakonda,2026-05-01,23:26:58,-07:00,2026-05-01T23:26:58-07:00,4,18
projects/projects.js,50,js,c04637c1,shriyakonda,2026-05-01,23:26:58,-07:00,2026-05-01T23:26:58-07:00,5,14
projects/projects.js,51,js,c04637c1,shriyakonda,2026-05-01,23:26:58,-07:00,2026-05-01T23:26:58-07:00,5,89
projects/projects.js,52,js,c04637c1,shriyakonda,2026-05-01,23:26:58,-07:00,2026-05-01T23:26:58-07:00,0,0
projects/projects.js,53,js,c04637c1,shriyakonda,2026-05-01,23:26:58,-07:00,2026-05-01T23:26:58-07:00,4,25
projects/projects.js,54,js,c04637c1,shriyakonda,2026-05-01,23:26:58,-07:00,2026-05-01T23:26:58-07:00,5,51
projects/projects.js,55,js,c04637c1,shriyakonda,2026-05-01,23:26:58,-07:00,2026-05-01T23:26:58-07:00,6,59
projects/projects.js,56,js,c04637c1,shriyakonda,2026-05-01,23:26:58,-07:00,2026-05-01T23:26:58-07:00,6,42
projects/projects.js,57,js,c04637c1,shriyakonda,2026-05-01,23:26:58,-07:00,2026-05-01T23:26:58-07:00,5,1
projects/projects.js,58,js,c04637c1,shriyakonda,2026-05-01,23:26:58,-07:00,2026-05-01T23:26:58-07:00,5,56
projects/projects.js,59,js,c04637c1,shriyakonda,2026-05-01,23:26:58,-07:00,2026-05-01T23:26:58-07:00,4,6
projects/projects.js,60,js,c04637c1,shriyakonda,2026-05-01,23:26:58,-07:00,2026-05-01T23:26:58-07:00,5,43
projects/projects.js,61,js,c04637c1,shriyakonda,2026-05-01,23:26:58,-07:00,2026-05-01T23:26:58-07:00,5,51
projects/projects.js,62,js,c04637c1,shriyakonda,2026-05-01,23:26:58,-07:00,2026-05-01T23:26:58-07:00,6,59
projects/projects.js,63,js,c04637c1,shriyakonda,2026-05-01,23:26:58,-07:00,2026-05-01T23:26:58-07:00,6,75
projects/projects.js,64,js,c04637c1,shriyakonda,2026-05-01,23:26:58,-07:00,2026-05-01T23:26:58-07:00,5,1
projects/projects.js,65,js,c04637c1,shriyakonda,2026-05-01,23:26:58,-07:00,2026-05-01T23:26:58-07:00,5,56
projects/projects.js,66,js,c04637c1,shriyakonda,2026-05-01,23:26:58,-07:00,2026-05-01T23:26:58-07:00,4,0
projects/projects.js,67,js,c04637c1,shriyakonda,2026-05-01,23:26:58,-07:00,2026-05-01T23:26:58-07:00,3,1
projects/projects.js,68,js,c04637c1,shriyakonda,2026-05-01,23:26:58,-07:00,2026-05-01T23:26:58-07:00,1,1
projects/projects.js,69,js,c04637c1,shriyakonda,2026-05-01,23:26:58,-07:00,2026-05-01T23:26:58-07:00,0,0
projects/projects.js,70,js,c04637c1,shriyakonda,2026-05-01,23:26:58,-07:00,2026-05-01T23:26:58-07:00,1,32
projects/projects.js,71,js,c04637c1,shriyakonda,2026-05-01,23:26:58,-07:00,2026-05-01T23:26:58-07:00,1,24
projects/projects.js,72,js,c04637c1,shriyakonda,2026-05-01,23:26:58,-07:00,2026-05-01T23:26:58-07:00,2,4
projects/projects.js,73,js,c04637c1,shriyakonda,2026-05-01,23:26:58,-07:00,2026-05-01T23:26:58-07:00,3,11
projects/projects.js,74,js,c04637c1,shriyakonda,2026-05-01,23:26:58,-07:00,2026-05-01T23:26:58-07:00,3,76
projects/projects.js,75,js,c04637c1,shriyakonda,2026-05-01,23:26:58,-07:00,2026-05-01T23:26:58-07:00,3,38
projects/projects.js,76,js,c04637c1,shriyakonda,2026-05-01,23:26:58,-07:00,2026-05-01T23:26:58-07:00,3,69
projects/projects.js,77,js,c04637c1,shriyakonda,2026-05-01,23:26:58,-07:00,2026-05-01T23:26:58-07:00,1,1
projects/projects.js,78,js,c04637c1,shriyakonda,2026-05-01,23:26:58,-07:00,2026-05-01T23:26:58-07:00,0,0
projects/projects.js,79,js,c04637c1,shriyakonda,2026-05-01,23:26:58,-07:00,2026-05-01T23:26:58-07:00,0,0
projects/projects.js,80,js,c04637c1,shriyakonda,2026-05-01,23:26:58,-07:00,2026-05-01T23:26:58-07:00,0,23
projects/projects.js,81,js,c04637c1,shriyakonda,2026-05-01,23:26:58,-07:00,2026-05-01T23:26:58-07:00,0,48
projects/projects.js,82,js,c04637c1,shriyakonda,2026-05-01,23:26:58,-07:00,2026-05-01T23:26:58-07:00,0,0
projects/projects.js,83,js,c04637c1,shriyakonda,2026-05-01,23:26:58,-07:00,2026-05-01T23:26:58-07:00,0,49
projects/projects.js,84,js,c04637c1,shriyakonda,2026-05-01,23:26:58,-07:00,2026-05-01T23:26:58-07:00,1,25
projects/projects.js,85,js,c04637c1,shriyakonda,2026-05-01,23:26:58,-07:00,2026-05-01T23:26:58-07:00,1,17
projects/projects.js,86,js,c04637c1,shriyakonda,2026-05-01,23:26:58,-07:00,2026-05-01T23:26:58-07:00,1,51
projects/projects.js,87,js,c04637c1,shriyakonda,2026-05-01,23:26:58,-07:00,2026-05-01T23:26:58-07:00,2,59
projects/projects.js,88,js,c04637c1,shriyakonda,2026-05-01,23:26:58,-07:00,2026-05-01T23:26:58-07:00,2,42
projects/projects.js,89,js,c04637c1,shriyakonda,2026-05-01,23:26:58,-07:00,2026-05-01T23:26:58-07:00,1,1
projects/projects.js,90,js,c04637c1,shriyakonda,2026-05-01,23:26:58,-07:00,2026-05-01T23:26:58-07:00,1,56
projects/projects.js,91,js,c04637c1,shriyakonda,2026-05-01,23:26:58,-07:00,2026-05-01T23:26:58-07:00,1,31
projects/projects.js,92,js,c04637c1,shriyakonda,2026-05-01,23:26:58,-07:00,2026-05-01T23:26:58-07:00,0,1
projects/index.html,1,html,14ea4913,shriyakonda,2026-04-04,23:47:27,-07:00,2026-04-04T23:47:27-07:00,0,13
projects/index.html,2,html,14ea4913,shriyakonda,2026-04-04,23:47:27,-07:00,2026-04-04T23:47:27-07:00,0,14
projects/index.html,3,html,14ea4913,shriyakonda,2026-04-04,23:47:27,-07:00,2026-04-04T23:47:27-07:00,0,4
projects/index.html,4,html,14ea4913,shriyakonda,2026-04-04,23:47:27,-07:00,2026-04-04T23:47:27-07:00,2,20
projects/index.html,5,html,14ea4913,shriyakonda,2026-04-04,23:47:27,-07:00,2026-04-04T23:47:27-07:00,2,68
projects/index.html,6,html,14ea4913,shriyakonda,2026-04-04,23:47:27,-07:00,2026-04-04T23:47:27-07:00,2,36
projects/index.html,7,html,14ea4913,shriyakonda,2026-04-04,23:47:27,-07:00,2026-04-04T23:47:27-07:00,2,41
projects/index.html,8,html,14ea4913,shriyakonda,2026-04-04,23:47:27,-07:00,2026-04-04T23:47:27-07:00,0,5
projects/index.html,9,html,14ea4913,shriyakonda,2026-04-04,23:47:27,-07:00,2026-04-04T23:47:27-07:00,0,4
projects/index.html,10,html,67aceaab,shriyakonda,2026-04-24,12:03:12,-07:00,2026-04-24T12:03:12-07:00,2,38
projects/index.html,11,html,c04637c1,shriyakonda,2026-05-01,23:26:58,-07:00,2026-05-01T23:26:58-07:00,2,21
projects/index.html,12,html,c04637c1,shriyakonda,2026-05-01,23:26:58,-07:00,2026-05-01T23:26:58-07:00,3,58
projects/index.html,13,html,c04637c1,shriyakonda,2026-05-01,23:26:58,-07:00,2026-05-01T23:26:58-07:00,3,22
projects/index.html,14,html,c04637c1,shriyakonda,2026-05-01,23:26:58,-07:00,2026-05-01T23:26:58-07:00,2,4
projects/index.html,15,html,c04637c1,shriyakonda,2026-05-01,23:26:58,-07:00,2026-05-01T23:26:58-07:00,2,102
projects/index.html,16,html,67aceaab,shriyakonda,2026-04-24,12:03:12,-07:00,2026-04-24T12:03:12-07:00,2,26
projects/index.html,17,html,70bea0ec,shriyakonda,2026-04-18,23:53:51,-07:00,2026-04-18T23:53:51-07:00,2,48
projects/index.html,18,html,67aceaab,shriyakonda,2026-04-24,12:03:12,-07:00,2026-04-24T12:03:12-07:00,2,47
projects/index.html,19,html,14ea4913,shriyakonda,2026-04-04,23:47:27,-07:00,2026-04-04T23:47:27-07:00,0,5
projects/index.html,20,html,14ea4913,shriyakonda,2026-04-04,23:47:27,-07:00,2026-04-04T23:47:27-07:00,0,5
meta/main.js,1,js,e4f313a2,shriyakonda,2026-05-08,06:20:20,-04:00,2026-05-08T06:20:20-04:00,0,63
meta/main.js,2,js,e4f313a2,shriyakonda,2026-05-08,06:20:20,-04:00,2026-05-08T06:20:20-04:00,0,0
meta/main.js,3,js,e4f313a2,shriyakonda,2026-05-08,06:20:20,-04:00,2026-05-08T06:20:20-04:00,0,17
meta/main.js,4,js,e4f313a2,shriyakonda,2026-05-08,06:20:20,-04:00,2026-05-08T06:20:20-04:00,0,0
meta/main.js,5,js,e4f313a2,shriyakonda,2026-05-08,06:20:20,-04:00,2026-05-08T06:20:20-04:00,0,25
meta/main.js,6,js,e4f313a2,shriyakonda,2026-05-08,06:20:20,-04:00,2026-05-08T06:20:20-04:00,1,40
meta/main.js,7,js,e4f313a2,shriyakonda,2026-05-08,06:20:20,-04:00,2026-05-08T06:20:20-04:00,2,5
meta/main.js,8,js,e4f313a2,shriyakonda,2026-05-08,06:20:20,-04:00,2026-05-08T06:20:20-04:00,2,21
meta/main.js,9,js,e4f313a2,shriyakonda,2026-05-08,06:20:20,-04:00,2026-05-08T06:20:20-04:00,2,23
meta/main.js,10,js,e4f313a2,shriyakonda,2026-05-08,06:20:20,-04:00,2026-05-08T06:20:20-04:00,2,25
meta/main.js,11,js,e4f313a2,shriyakonda,2026-05-08,06:20:20,-04:00,2026-05-08T06:20:20-04:00,2,49
meta/main.js,12,js,e4f313a2,shriyakonda,2026-05-08,06:20:20,-04:00,2026-05-08T06:20:20-04:00,2,31
meta/main.js,13,js,e4f313a2,shriyakonda,2026-05-08,06:20:20,-04:00,2026-05-08T06:20:20-04:00,1,2
meta/main.js,14,js,e4f313a2,shriyakonda,2026-05-08,06:20:20,-04:00,2026-05-08T06:20:20-04:00,0,0
meta/main.js,15,js,e4f313a2,shriyakonda,2026-05-08,06:20:20,-04:00,2026-05-08T06:20:20-04:00,0,0
meta/main.js,16,js,e4f313a2,shriyakonda,2026-05-08,06:20:20,-04:00,2026-05-08T06:20:20-04:00,0,29
meta/main.js,17,js,e4f313a2,shriyakonda,2026-05-08,06:20:20,-04:00,2026-05-08T06:20:20-04:00,1,64
meta/main.js,18,js,e4f313a2,shriyakonda,2026-05-08,06:20:20,-04:00,2026-05-08T06:20:20-04:00,2,56
meta/main.js,19,js,e4f313a2,shriyakonda,2026-05-08,06:20:20,-04:00,2026-05-08T06:20:20-04:00,2,9
meta/main.js,20,js,e4f313a2,shriyakonda,2026-05-08,06:20:20,-04:00,2026-05-08T06:20:20-04:00,3,9
meta/main.js,21,js,e4f313a2,shriyakonda,2026-05-08,06:20:20,-04:00,2026-05-08T06:20:20-04:00,3,63
meta/main.js,22,js,e4f313a2,shriyakonda,2026-05-08,06:20:20,-04:00,2026-05-08T06:20:20-04:00,3,37
meta/main.js,23,js,e4f313a2,shriyakonda,2026-05-08,06:20:20,-04:00,2026-05-08T06:20:20-04:00,3,57
meta/main.js,24,js,e4f313a2,shriyakonda,2026-05-08,06:20:20,-04:00,2026-05-08T06:20:20-04:00,3,23
meta/main.js,25,js,e4f313a2,shriyakonda,2026-05-08,06:20:20,-04:00,2026-05-08T06:20:20-04:00,2,0
meta/main.js,26,js,e4f313a2,shriyakonda,2026-05-08,06:20:20,-04:00,2026-05-08T06:20:20-04:00,2,71
meta/main.js,27,js,e4f313a2,shriyakonda,2026-05-08,06:20:20,-04:00,2026-05-08T06:20:20-04:00,2,9
meta/main.js,28,js,e4f313a2,shriyakonda,2026-05-08,06:20:20,-04:00,2026-05-08T06:20:20-04:00,1,1
meta/main.js,29,js,e4f313a2,shriyakonda,2026-05-08,06:20:20,-04:00,2026-05-08T06:20:20-04:00,0,0
meta/main.js,30,js,e4f313a2,shriyakonda,2026-05-08,06:20:20,-04:00,2026-05-08T06:20:20-04:00,0,0
meta/main.js,31,js,e4f313a2,shriyakonda,2026-05-08,06:20:20,-04:00,2026-05-08T06:20:20-04:00,0,40
meta/main.js,32,js,e4f313a2,shriyakonda,2026-05-08,06:20:20,-04:00,2026-05-08T06:20:20-04:00,1,65
meta/main.js,33,js,e4f313a2,shriyakonda,2026-05-08,06:20:20,-04:00,2026-05-08T06:20:20-04:00,1,67
meta/main.js,34,js,e4f313a2,shriyakonda,2026-05-08,06:20:20,-04:00,2026-05-08T06:20:20-04:00,1,32
meta/main.js,35,js,e4f313a2,shriyakonda,2026-05-08,06:20:20,-04:00,2026-05-08T06:20:20-04:00,1,30
meta/main.js,36,js,e4f313a2,shriyakonda,2026-05-08,06:20:20,-04:00,2026-05-08T06:20:20-04:00,1,35
meta/main.js,37,js,e4f313a2,shriyakonda,2026-05-08,06:20:20,-04:00,2026-05-08T06:20:20-04:00,1,28
meta/main.js,38,js,e4f313a2,shriyakonda,2026-05-08,06:20:20,-04:00,2026-05-08T06:20:20-04:00,1,55
meta/main.js,39,js,e4f313a2,shriyakonda,2026-05-08,06:20:20,-04:00,2026-05-08T06:20:20-04:00,1,32
meta/main.js,40,js,e4f313a2,shriyakonda,2026-05-08,06:20:20,-04:00,2026-05-08T06:20:20-04:00,1,49
meta/main.js,41,js,e4f313a2,shriyakonda,2026-05-08,06:20:20,-04:00,2026-05-08T06:20:20-04:00,1,38
meta/main.js,42,js,e4f313a2,shriyakonda,2026-05-08,06:20:20,-04:00,2026-05-08T06:20:20-04:00,1,62
meta/main.js,43,js,e4f313a2,shriyakonda,2026-05-08,06:20:20,-04:00,2026-05-08T06:20:20-04:00,0,0
meta/main.js,44,js,e4f313a2,shriyakonda,2026-05-08,06:20:20,-04:00,2026-05-08T06:20:20-04:00,0,0
meta/main.js,45,js,e4f313a2,shriyakonda,2026-05-08,06:20:20,-04:00,2026-05-08T06:20:20-04:00,0,37
meta/main.js,46,js,e4f313a2,shriyakonda,2026-05-08,06:20:20,-04:00,2026-05-08T06:20:20-04:00,1,21
meta/main.js,47,js,e4f313a2,shriyakonda,2026-05-08,06:20:20,-04:00,2026-05-08T06:20:20-04:00,1,55
meta/main.js,48,js,e4f313a2,shriyakonda,2026-05-08,06:20:20,-04:00,2026-05-08T06:20:20-04:00,1,61
meta/main.js,49,js,e4f313a2,shriyakonda,2026-05-08,06:20:20,-04:00,2026-05-08T06:20:20-04:00,1,112
meta/main.js,50,js,e4f313a2,shriyakonda,2026-05-08,06:20:20,-04:00,2026-05-08T06:20:20-04:00,1,113
meta/main.js,51,js,e4f313a2,shriyakonda,2026-05-08,06:20:20,-04:00,2026-05-08T06:20:20-04:00,1,67
meta/main.js,52,js,e4f313a2,shriyakonda,2026-05-08,06:20:20,-04:00,2026-05-08T06:20:20-04:00,1,70
meta/main.js,53,js,e4f313a2,shriyakonda,2026-05-08,06:20:20,-04:00,2026-05-08T06:20:20-04:00,0,0
meta/main.js,54,js,e4f313a2,shriyakonda,2026-05-08,06:20:20,-04:00,2026-05-08T06:20:20-04:00,0,91
meta/main.js,55,js,e4f313a2,shriyakonda,2026-05-08,06:20:20,-04:00,2026-05-08T06:20:20-04:00,0,36
meta/main.js,56,js,e4f313a2,shriyakonda,2026-05-08,06:20:20,-04:00,2026-05-08T06:20:20-04:00,1,50
meta/main.js,57,js,e4f313a2,shriyakonda,2026-05-08,06:20:20,-04:00,2026-05-08T06:20:20-04:00,1,62
meta/main.js,58,js,e4f313a2,shriyakonda,2026-05-08,06:20:20,-04:00,2026-05-08T06:20:20-04:00,0,0
meta/main.js,59,js,e4f313a2,shriyakonda,2026-05-08,06:20:20,-04:00,2026-05-08T06:20:20-04:00,0,0
meta/main.js,60,js,e4f313a2,shriyakonda,2026-05-08,06:20:20,-04:00,2026-05-08T06:20:20-04:00,0,44
meta/main.js,61,js,e4f313a2,shriyakonda,2026-05-08,06:20:20,-04:00,2026-05-08T06:20:20-04:00,1,27
meta/main.js,62,js,e4f313a2,shriyakonda,2026-05-08,06:20:20,-04:00,2026-05-08T06:20:20-04:00,1,37
meta/main.js,63,js,e4f313a2,shriyakonda,2026-05-08,06:20:20,-04:00,2026-05-08T06:20:20-04:00,1,61
meta/main.js,64,js,e4f313a2,shriyakonda,2026-05-08,06:20:20,-04:00,2026-05-08T06:20:20-04:00,1,46
meta/main.js,65,js,e4f313a2,shriyakonda,2026-05-08,06:20:20,-04:00,2026-05-08T06:20:20-04:00,0,0
meta/main.js,66,js,e4f313a2,shriyakonda,2026-05-08,06:20:20,-04:00,2026-05-08T06:20:20-04:00,0,0
meta/main.js,67,js,e4f313a2,shriyakonda,2026-05-08,06:20:20,-04:00,2026-05-08T06:20:20-04:00,0,49
meta/main.js,68,js,e4f313a2,shriyakonda,2026-05-08,06:20:20,-04:00,2026-05-08T06:20:20-04:00,1,81
meta/main.js,69,js,e4f313a2,shriyakonda,2026-05-08,06:20:20,-04:00,2026-05-08T06:20:20-04:00,1,96
meta/main.js,70,js,e4f313a2,shriyakonda,2026-05-08,06:20:20,-04:00,2026-05-08T06:20:20-04:00,0,0
meta/main.js,71,js,e4f313a2,shriyakonda,2026-05-08,06:20:20,-04:00,2026-05-08T06:20:20-04:00,0,0
meta/main.js,72,js,e4f313a2,shriyakonda,2026-05-08,06:20:20,-04:00,2026-05-08T06:20:20-04:00,0,52
meta/main.js,73,js,e4f313a2,shriyakonda,2026-05-08,06:20:20,-04:00,2026-05-08T06:20:20-04:00,1,81
meta/main.js,74,js,e4f313a2,shriyakonda,2026-05-08,06:20:20,-04:00,2026-05-08T06:20:20-04:00,1,62
meta/main.js,75,js,e4f313a2,shriyakonda,2026-05-08,06:20:20,-04:00,2026-05-08T06:20:20-04:00,1,57
meta/main.js,76,js,e4f313a2,shriyakonda,2026-05-08,06:20:20,-04:00,2026-05-08T06:20:20-04:00,1,40
meta/main.js,77,js,e4f313a2,shriyakonda,2026-05-08,06:20:20,-04:00,2026-05-08T06:20:20-04:00,1,65
meta/main.js,78,js,e4f313a2,shriyakonda,2026-05-08,06:20:20,-04:00,2026-05-08T06:20:20-04:00,1,23
meta/main.js,79,js,e4f313a2,shriyakonda,2026-05-08,06:20:20,-04:00,2026-05-08T06:20:20-04:00,1,38
meta/main.js,80,js,e4f313a2,shriyakonda,2026-05-08,06:20:20,-04:00,2026-05-08T06:20:20-04:00,2,50
meta/main.js,81,js,e4f313a2,shriyakonda,2026-05-08,06:20:20,-04:00,2026-05-08T06:20:20-04:00,2,72
meta/main.js,82,js,e4f313a2,shriyakonda,2026-05-08,06:20:20,-04:00,2026-05-08T06:20:20-04:00,1,0
meta/main.js,83,js,e4f313a2,shriyakonda,2026-05-08,06:20:20,-04:00,2026-05-08T06:20:20-04:00,0,0
meta/main.js,84,js,e4f313a2,shriyakonda,2026-05-08,06:20:20,-04:00,2026-05-08T06:20:20-04:00,0,0
meta/main.js,85,js,e4f313a2,shriyakonda,2026-05-08,06:20:20,-04:00,2026-05-08T06:20:20-04:00,0,41
meta/main.js,86,js,e4f313a2,shriyakonda,2026-05-08,06:20:20,-04:00,2026-05-08T06:20:20-04:00,1,31
meta/main.js,87,js,e4f313a2,shriyakonda,2026-05-08,06:20:20,-04:00,2026-05-08T06:20:20-04:00,1,58
meta/main.js,88,js,e4f313a2,shriyakonda,2026-05-08,06:20:20,-04:00,2026-05-08T06:20:20-04:00,1,14
meta/main.js,89,js,e4f313a2,shriyakonda,2026-05-08,06:20:20,-04:00,2026-05-08T06:20:20-04:00,2,43
meta/main.js,90,js,e4f313a2,shriyakonda,2026-05-08,06:20:20,-04:00,2026-05-08T06:20:20-04:00,2,48
meta/main.js,91,js,e4f313a2,shriyakonda,2026-05-08,06:20:20,-04:00,2026-05-08T06:20:20-04:00,2,40
meta/main.js,92,js,e4f313a2,shriyakonda,2026-05-08,06:20:20,-04:00,2026-05-08T06:20:20-04:00,2,42
meta/main.js,93,js,e4f313a2,shriyakonda,2026-05-08,06:20:20,-04:00,2026-05-08T06:20:20-04:00,1,0
meta/main.js,94,js,e4f313a2,shriyakonda,2026-05-08,06:20:20,-04:00,2026-05-08T06:20:20-04:00,0,0
meta/main.js,95,js,e4f313a2,shriyakonda,2026-05-08,06:20:20,-04:00,2026-05-08T06:20:20-04:00,1,43
meta/main.js,96,js,e4f313a2,shriyakonda,2026-05-08,06:20:20,-04:00,2026-05-08T06:20:20-04:00,2,70
meta/main.js,97,js,e4f313a2,shriyakonda,2026-05-08,06:20:20,-04:00,2026-05-08T06:20:20-04:00,0,0
meta/main.js,98,js,e4f313a2,shriyakonda,2026-05-08,06:20:20,-04:00,2026-05-08T06:20:20-04:00,1,67
meta/main.js,99,js,e4f313a2,shriyakonda,2026-05-08,06:20:20,-04:00,2026-05-08T06:20:20-04:00,2,41
meta/main.js,100,js,e4f313a2,shriyakonda,2026-05-08,06:20:20,-04:00,2026-05-08T06:20:20-04:00,1,75
meta/main.js,101,js,e4f313a2,shriyakonda,2026-05-08,06:20:20,-04:00,2026-05-08T06:20:20-04:00,0,0
meta/main.js,102,js,e4f313a2,shriyakonda,2026-05-08,06:20:20,-04:00,2026-05-08T06:20:20-04:00,1,40
meta/main.js,103,js,e4f313a2,shriyakonda,2026-05-08,06:20:20,-04:00,2026-05-08T06:20:20-04:00,2,48
meta/main.js,104,js,e4f313a2,shriyakonda,2026-05-08,06:20:20,-04:00,2026-05-08T06:20:20-04:00,2,64
meta/main.js,105,js,e4f313a2,shriyakonda,2026-05-08,06:20:20,-04:00,2026-05-08T06:20:20-04:00,0,0
meta/main.js,106,js,e4f313a2,shriyakonda,2026-05-08,06:20:20,-04:00,2026-05-08T06:20:20-04:00,1,94
meta/main.js,107,js,e4f313a2,shriyakonda,2026-05-08,06:20:20,-04:00,2026-05-08T06:20:20-04:00,1,63
meta/main.js,108,js,e4f313a2,shriyakonda,2026-05-08,06:20:20,-04:00,2026-05-08T06:20:20-04:00,2,84
meta/main.js,109,js,e4f313a2,shriyakonda,2026-05-08,06:20:20,-04:00,2026-05-08T06:20:20-04:00,0,0
meta/main.js,110,js,e4f313a2,shriyakonda,2026-05-08,06:20:20,-04:00,2026-05-08T06:20:20-04:00,1,59
meta/main.js,111,js,e4f313a2,shriyakonda,2026-05-08,06:20:20,-04:00,2026-05-08T06:20:20-04:00,1,64
meta/main.js,112,js,e4f313a2,shriyakonda,2026-05-08,06:20:20,-04:00,2026-05-08T06:20:20-04:00,1,52
meta/main.js,113,js,e4f313a2,shriyakonda,2026-05-08,06:20:20,-04:00,2026-05-08T06:20:20-04:00,0,0
meta/main.js,114,js,e4f313a2,shriyakonda,2026-05-08,06:20:20,-04:00,2026-05-08T06:20:20-04:00,1,83
meta/main.js,115,js,e4f313a2,shriyakonda,2026-05-08,06:20:20,-04:00,2026-05-08T06:20:20-04:00,2,36
meta/main.js,116,js,e4f313a2,shriyakonda,2026-05-08,06:20:20,-04:00,2026-05-08T06:20:20-04:00,2,36
meta/main.js,117,js,e4f313a2,shriyakonda,2026-05-08,06:20:20,-04:00,2026-05-08T06:20:20-04:00,2,37
meta/main.js,118,js,e4f313a2,shriyakonda,2026-05-08,06:20:20,-04:00,2026-05-08T06:20:20-04:00,2,51
meta/main.js,119,js,e4f313a2,shriyakonda,2026-05-08,06:20:20,-04:00,2026-05-08T06:20:20-04:00,2,27
meta/main.js,120,js,e4f313a2,shriyakonda,2026-05-08,06:20:20,-04:00,2026-05-08T06:20:20-04:00,3,50
meta/main.js,121,js,e4f313a2,shriyakonda,2026-05-08,06:20:20,-04:00,2026-05-08T06:20:20-04:00,3,79
meta/main.js,122,js,e4f313a2,shriyakonda,2026-05-08,06:20:20,-04:00,2026-05-08T06:20:20-04:00,2,0
meta/main.js,123,js,e4f313a2,shriyakonda,2026-05-08,06:20:20,-04:00,2026-05-08T06:20:20-04:00,2,24
meta/main.js,124,js,e4f313a2,shriyakonda,2026-05-08,06:20:20,-04:00,2026-05-08T06:20:20-04:00,3,52
meta/main.js,125,js,e4f313a2,shriyakonda,2026-05-08,06:20:20,-04:00,2026-05-08T06:20:20-04:00,3,29
meta/main.js,126,js,e4f313a2,shriyakonda,2026-05-08,06:20:20,-04:00,2026-05-08T06:20:20-04:00,2,1
meta/main.js,127,js,e4f313a2,shriyakonda,2026-05-08,06:20:20,-04:00,2026-05-08T06:20:20-04:00,0,0
meta/main.js,128,js,e4f313a2,shriyakonda,2026-05-08,06:20:20,-04:00,2026-05-08T06:20:20-04:00,1,52
meta/main.js,129,js,e4f313a2,shriyakonda,2026-05-08,06:20:20,-04:00,2026-05-08T06:20:20-04:00,2,26
meta/main.js,130,js,e4f313a2,shriyakonda,2026-05-08,06:20:20,-04:00,2026-05-08T06:20:20-04:00,2,74
meta/main.js,131,js,e4f313a2,shriyakonda,2026-05-08,06:20:20,-04:00,2026-05-08T06:20:20-04:00,2,33
meta/main.js,132,js,e4f313a2,shriyakonda,2026-05-08,06:20:20,-04:00,2026-05-08T06:20:20-04:00,2,36
meta/main.js,133,js,e4f313a2,shriyakonda,2026-05-08,06:20:20,-04:00,2026-05-08T06:20:20-04:00,1,2
meta/main.js,134,js,e4f313a2,shriyakonda,2026-05-08,06:20:20,-04:00,2026-05-08T06:20:20-04:00,1,43
meta/main.js,135,js,e4f313a2,shriyakonda,2026-05-08,06:20:20,-04:00,2026-05-08T06:20:20-04:00,0,0
meta/main.js,136,js,e4f313a2,shriyakonda,2026-05-08,06:20:20,-04:00,2026-05-08T06:20:20-04:00,0,0
meta/main.js,137,js,e4f313a2,shriyakonda,2026-05-08,06:20:20,-04:00,2026-05-08T06:20:20-04:00,0,28
meta/main.js,138,js,e4f313a2,shriyakonda,2026-05-08,06:20:20,-04:00,2026-05-08T06:20:20-04:00,0,35
meta/main.js,139,js,e4f313a2,shriyakonda,2026-05-08,06:20:20,-04:00,2026-05-08T06:20:20-04:00,0,30
meta/main.js,140,js,e4f313a2,shriyakonda,2026-05-08,06:20:20,-04:00,2026-05-08T06:20:20-04:00,0,31
meta/index.html,1,html,e4f313a2,shriyakonda,2026-05-08,06:20:20,-04:00,2026-05-08T06:20:20-04:00,0,13
meta/index.html,2,html,e4f313a2,shriyakonda,2026-05-08,06:20:20,-04:00,2026-05-08T06:20:20-04:00,0,4
meta/index.html,3,html,e4f313a2,shriyakonda,2026-05-08,06:20:20,-04:00,2026-05-08T06:20:20-04:00,0,4
meta/index.html,4,html,e4f313a2,shriyakonda,2026-05-08,06:20:20,-04:00,2026-05-08T06:20:20-04:00,1,41
meta/index.html,5,html,e4f313a2,shriyakonda,2026-05-08,06:20:20,-04:00,2026-05-08T06:20:20-04:00,0,5
meta/index.html,6,html,e4f313a2,shriyakonda,2026-05-08,06:20:20,-04:00,2026-05-08T06:20:20-04:00,0,4
meta/index.html,7,html,e4f313a2,shriyakonda,2026-05-08,06:20:20,-04:00,2026-05-08T06:20:20-04:00,1,11
meta/index.html,8,html,e4f313a2,shriyakonda,2026-05-08,06:20:20,-04:00,2026-05-08T06:20:20-04:00,1,20
meta/index.html,9,html,e4f313a2,shriyakonda,2026-05-08,06:20:20,-04:00,2026-05-08T06:20:20-04:00,1,29
meta/index.html,10,html,e4f313a2,shriyakonda,2026-05-08,06:20:20,-04:00,2026-05-08T06:20:20-04:00,1,20
meta/index.html,11,html,e4f313a2,shriyakonda,2026-05-08,06:20:20,-04:00,2026-05-08T06:20:20-04:00,1,45
meta/index.html,12,html,e4f313a2,shriyakonda,2026-05-08,06:20:20,-04:00,2026-05-08T06:20:20-04:00,1,45
meta/index.html,13,html,e4f313a2,shriyakonda,2026-05-08,06:20:20,-04:00,2026-05-08T06:20:20-04:00,1,50
meta/index.html,14,html,e4f313a2,shriyakonda,2026-05-08,06:20:20,-04:00,2026-05-08T06:20:20-04:00,2,70
meta/index.html,15,html,e4f313a2,shriyakonda,2026-05-08,06:20:20,-04:00,2026-05-08T06:20:20-04:00,2,37
meta/index.html,16,html,e4f313a2,shriyakonda,2026-05-08,06:20:20,-04:00,2026-05-08T06:20:20-04:00,2,37
meta/index.html,17,html,e4f313a2,shriyakonda,2026-05-08,06:20:20,-04:00,2026-05-08T06:20:20-04:00,2,41
meta/index.html,18,html,e4f313a2,shriyakonda,2026-05-08,06:20:20,-04:00,2026-05-08T06:20:20-04:00,2,39
meta/index.html,19,html,e4f313a2,shriyakonda,2026-05-08,06:20:20,-04:00,2026-05-08T06:20:20-04:00,1,3
meta/index.html,20,html,e4f313a2,shriyakonda,2026-05-08,06:20:20,-04:00,2026-05-08T06:20:20-04:00,1,43
meta/index.html,21,html,e4f313a2,shriyakonda,2026-05-08,06:20:20,-04:00,2026-05-08T06:20:20-04:00,0,5
meta/index.html,22,html,e4f313a2,shriyakonda,2026-05-08,06:20:20,-04:00,2026-05-08T06:20:20-04:00,0,5
contact/index.html,1,html,14ea4913,shriyakonda,2026-04-04,23:47:27,-07:00,2026-04-04T23:47:27-07:00,0,13
contact/index.html,2,html,14ea4913,shriyakonda,2026-04-04,23:47:27,-07:00,2026-04-04T23:47:27-07:00,0,14
contact/index.html,3,html,14ea4913,shriyakonda,2026-04-04,23:47:27,-07:00,2026-04-04T23:47:27-07:00,0,4
contact/index.html,4,html,14ea4913,shriyakonda,2026-04-04,23:47:27,-07:00,2026-04-04T23:47:27-07:00,2,20
contact/index.html,5,html,14ea4913,shriyakonda,2026-04-04,23:47:27,-07:00,2026-04-04T23:47:27-07:00,2,68
contact/index.html,6,html,5e7bffdf,shriyakonda,2026-04-04,23:54:40,-07:00,2026-04-04T23:54:40-07:00,2,35
contact/index.html,7,html,14ea4913,shriyakonda,2026-04-04,23:47:27,-07:00,2026-04-04T23:47:27-07:00,2,41
contact/index.html,8,html,14ea4913,shriyakonda,2026-04-04,23:47:27,-07:00,2026-04-04T23:47:27-07:00,0,5
contact/index.html,9,html,14ea4913,shriyakonda,2026-04-04,23:47:27,-07:00,2026-04-04T23:47:27-07:00,0,4
contact/index.html,10,html,5e7bffdf,shriyakonda,2026-04-04,23:54:40,-07:00,2026-04-04T23:54:40-07:00,2,14
contact/index.html,11,html,70bea0ec,shriyakonda,2026-04-18,23:53:51,-07:00,2026-04-18T23:53:51-07:00,2,36
contact/index.html,12,html,872fe386,shriyakonda,2026-04-11,22:45:19,-07:00,2026-04-11T22:45:19-07:00,4,5
contact/index.html,13,html,872fe386,shriyakonda,2026-04-11,22:45:19,-07:00,2026-04-11T22:45:19-07:00,6,16
contact/index.html,14,html,5e7bffdf,shriyakonda,2026-04-04,23:54:40,-07:00,2026-04-04T23:54:40-07:00,6,57
contact/index.html,15,html,5e7bffdf,shriyakonda,2026-04-04,23:54:40,-07:00,2026-04-04T23:54:40-07:00,4,6
contact/index.html,16,html,872fe386,shriyakonda,2026-04-11,22:45:19,-07:00,2026-04-11T22:45:19-07:00,4,5
contact/index.html,17,html,872fe386,shriyakonda,2026-04-11,22:45:19,-07:00,2026-04-11T22:45:19-07:00,6,18
contact/index.html,18,html,5e7bffdf,shriyakonda,2026-04-04,23:54:40,-07:00,2026-04-04T23:54:40-07:00,6,47
contact/index.html,19,html,5e7bffdf,shriyakonda,2026-04-04,23:54:40,-07:00,2026-04-04T23:54:40-07:00,4,6
contact/index.html,20,html,872fe386,shriyakonda,2026-04-11,22:45:19,-07:00,2026-04-11T22:45:19-07:00,4,5
contact/index.html,21,html,872fe386,shriyakonda,2026-04-11,22:45:19,-07:00,2026-04-11T22:45:19-07:00,6,18
contact/index.html,22,html,5e7bffdf,shriyakonda,2026-04-04,23:54:40,-07:00,2026-04-04T23:54:40-07:00,6,48
contact/index.html,23,html,5e7bffdf,shriyakonda,2026-04-04,23:54:40,-07:00,2026-04-04T23:54:40-07:00,4,6
contact/index.html,24,html,872fe386,shriyakonda,2026-04-11,22:45:19,-07:00,2026-04-11T22:45:19-07:00,4,33
contact/index.html,25,html,5e7bffdf,shriyakonda,2026-04-04,23:54:40,-07:00,2026-04-04T23:54:40-07:00,2,5
contact/index.html,26,html,70bea0ec,shriyakonda,2026-04-18,23:53:51,-07:00,2026-04-18T23:53:51-07:00,2,48
contact/index.html,27,html,14ea4913,shriyakonda,2026-04-04,23:47:27,-07:00,2026-04-04T23:47:27-07:00,0,5
contact/index.html,28,html,14ea4913,shriyakonda,2026-04-04,23:47:27,-07:00,2026-04-04T23:47:27-07:00,0,5
